scenario,K,rep,n_min,rmse_oracle,rmse_vaneb,rmse_npeb,rmse_adamix,vaneb_time,npeb_time
poisson,800,1,40,0.13102797195772065,0.16279156489498242,0.1629682743998905,0.17438722361708706,139.17544984817505,4.26370906829834
poisson,800,2,40,0.10386957062088277,0.1309807239390491,0.13139620211540604,0.14665109916935487,134.90609121322632,4.113929748535156
poisson,800,3,40,0.14077779073517682,0.17329105667480163,0.1734976776293312,0.1859284320202336,136.7009778022766,4.171019077301025
poisson,800,4,40,0.12834502660515604,0.140671230189042,0.14033907655528868,0.15465701424793896,136.76368641853333,4.156646728515625
poisson,800,5,40,0.12085988730519087,0.14069094892193995,0.1409181758431987,0.15711922185527755,135.61448693275452,4.047758340835571
poisson,800,6,40,0.16964119967660668,0.16569167574718993,0.16588957810653415,0.18021154707674583,135.79040813446045,4.140662908554077
poisson,800,7,40,0.1237600482968959,0.14939663447691656,0.1492040501152633,0.16356357912387137,135.9287452697754,4.2048094272613525
poisson,800,8,40,0.1293434873928748,0.15829655695080397,0.15902105693451687,0.17331024924346586,135.64990997314453,4.122571706771851
poisson,800,9,40,0.15825383985029418,0.14687534121918702,0.14729914383052756,0.16166679308016715,138.15443968772888,4.222512245178223
