k,rep,rmse_adamix,rmse_oracle,rmse_npeb,rmse_soloff,npeb_runtime_sec,soloff_runtime_sec,n_mean,n_min,n_max
100,0,0.07912715443988344,0.06611681024547565,0.07938781230206605,0.08187604878819944,0.09113597869873047,0.05148577690124512,240.24,100,396
100,1,0.0859828274561178,0.06965186816017262,0.08728739588414386,0.08654090971166667,0.05873394012451172,0.04894304275512695,233.95,100,399
100,2,0.07045518080960843,0.05447410006200783,0.0715191266881511,0.07197015279650937,0.049848079681396484,0.06539225578308105,248.65,100,398
