k,rmse_adamix,rmse_oracle,rmse_npeb,rmse_soloff
100,0.07852172090186989,0.0634142594892187,0.07939811162478701,0.08012903709879182
