k,rmse_adamix,rmse_oracle,rmse_npeb,rmse_soloff
100,0.06274051440904407,0.04409789936406065,0.06153367339392526,0.0794458097579203
