k,rmse_adamix,rmse_oracle,rmse_npeb,rmse_soloff
1600,0.06313111380924116,0.04453899294074622,0.051512404269537175,0.05760717882959027
