k,rmse_adamix,rmse_oracle,rmse_npeb,rmse_soloff
1600,0.08840740864363314,0.047198041502811226,0.06702376326426766,0.0762536004638585
