k,rmse_adamix,rmse_oracle,rmse_npeb,rmse_soloff
100,0.015714097041342266,0.010987137322554772,0.015732212895134188,0.017878059506632658
