k,rep,nmin,rmse_oracle,rmse_npeb,rmse_adamix,oracle_runtime_sec,npeb_runtime_sec
100,0,100,0.1626957244321972,0.050246476299749196,0.05019802665169153,0.15470290184020996,0.4589111804962158
100,1,100,0.1607597790696431,0.04861424186313771,0.04846422152051325,0.17939400672912598,0.42598986625671387
100,2,100,0.15777284901266111,0.04132105429881899,0.04110052965509533,0.134613037109375,0.48352599143981934
100,3,100,0.17132481344653258,0.04273050451984467,0.04244788936131484,0.17509698867797852,0.44948601722717285
100,4,100,0.15865946106125126,0.047550237644759824,0.047324198568785655,0.13881802558898926,0.4381828308105469
