k,rep,nmin,rmse_mle,rmse_oracle,rmse_npeb,rmse_adamix,oracle_runtime_sec,npeb_runtime_sec
100,0,15,0.31014127682925924,0.2456048130743574,0.3100991489584157,0.28131901263784154,0.12126803398132324,0.28255200386047363
100,1,15,0.32465195305867756,0.2639916185936522,0.3253067397608544,0.3055198249607282,0.2108781337738037,0.23878884315490723
100,2,15,0.3652785503090535,0.35147594208093963,0.364840161322769,0.3522537671849168,0.16900110244750977,0.19125604629516602
