k,rmse_adamix,rmse_oracle,rmse_npeb,rmse_soloff
100,0.08750089932889601,0.046827642863397544,0.08538848946501643,0.08688070817433903
