k,rmse_adamix,rmse_oracle,rmse_npeb,rmse_soloff
100,0.06194534361498374,0.04473905561063448,0.06125053762263377,0.07764205261071411
400,0.06311390585138325,0.04509643460408437,0.057096869897461586,0.06916410234767982
1600,0.06387092391014679,0.046212001837732795,0.05224300449120589,0.05839794130697751
