k,rmse_adamix,rmse_oracle,rmse_npeb,rmse_soloff
400,0.17209624333686238,0.09556872361639235,0.1469698642747012,0.15973099022396522
