k,rmse_adamix,rmse_oracle,rmse_npeb,rmse_soloff
100,0.03141919488365021,0.02199897596108686,0.03127485747175249,0.038192147278685556
