scenario,K,rep,n_min,rmse_oracle,rmse_vaneb,rmse_npeb,rmse_adamix,vaneb_time,npeb_time
logistic,20,0,100,0.23385565095964375,0.3108795132047356,0.3108817205846721,0.30695486881945705,0.11017823219299316,0.01412510871887207
logistic,20,1,100,0.18463853545290299,0.3286135006987913,0.3290421726037905,0.32595919215153185,0.10603809356689453,0.012649059295654297
logistic,20,2,100,0.13979815737560822,0.2401551906229124,0.24128804067731544,0.23951534043994493,0.08979296684265137,0.012156963348388672
