k,rmse_adamix,rmse_oracle,rmse_npeb,rmse_soloff
1600,0.17320231455502832,0.09474962330496563,0.12353722121129357,0.14844280518621913
