k,rep,rmse_adamix,rmse_oracle,rmse_npeb,rmse_soloff,npeb_runtime_sec,soloff_runtime_sec,n_mean,n_min,n_max
100,0,0.16828520697332064,0.11774088311672133,0.17636160251179606,0.1759449399952105,0.0713810920715332,0.035269975662231445,240.24,100,396
100,1,0.16665167283738527,0.10416290893001477,0.17237367377884585,0.17293157914956953,0.05778980255126953,0.06536126136779785,233.95,100,399
100,2,0.17401689783927682,0.10528661458854476,0.17250897505187712,0.17287939661653975,0.04803895950317383,0.05736899375915527,248.65,100,398
400,0,0.15361865079010678,0.10126458915545719,0.16234315706542718,0.16089453848735205,0.38487815856933594,0.3439760208129883,261.2225,100,400
400,1,0.1581608959729008,0.10496917973856258,0.16339744745222323,0.16359723997024495,0.36907005310058594,0.3672192096710205,258.635,100,400
400,2,0.16310430368624718,0.10381587638671305,0.17007061123004855,0.17024920812442465,0.4339160919189453,0.3384120464324951,248.42,101,400
1600,0,0.1550569527186964,0.10137339713417319,0.1525465599596611,0.1537414731944783,4.280591011047363,2.5006189346313477,254.345625,100,400
1600,1,0.16045713679704685,0.11101881241781633,0.15897939488559099,0.16270415872604832,3.613943099975586,2.4174511432647705,244.748125,100,400
1600,2,0.16816933437695838,0.11195734779533838,0.16820952602156988,0.16871116337178604,4.039406776428223,2.9034581184387207,249.11375,100,400
