k,rmse_adamix,rmse_oracle,rmse_npeb,rmse_soloff
100,0.1696512592166609,0.10906346887842695,0.1737480837808397,0.17391863858710657
400,0.15829461681641824,0.10334988176024427,0.16527040524923298,0.16491366219400722
1600,0.1612278079642339,0.10811651911577597,0.15991182695560732,0.16171893176410423
