k,rmse_adamix,rmse_oracle,rmse_npeb,rmse_soloff
400,0.06368218348014305,0.04502945813031217,0.0582420475533667,0.0696408436816012
