k,rep,rmse_adamix,rmse_oracle,rmse_npeb,rmse_soloff,npeb_runtime_sec,soloff_runtime_sec,n_mean,n_min,n_max
100,0,0.07912715443988344,0.06611681024547565,0.07938781230206605,0.08187604878819944,0.09407377243041992,0.0540921688079834,240.24,100,396
100,1,0.0859828274561178,0.06965186816017262,0.08728739588414386,0.08654090971166667,0.050026893615722656,0.058943986892700195,233.95,100,399
100,2,0.07045518080960843,0.05447410006200783,0.0715191266881511,0.07197015279650937,0.054177045822143555,0.04896688461303711,248.65,100,398
400,0,0.07814108845135188,0.0650537566789987,0.0788960857233796,0.08189699682811394,0.37795591354370117,0.3479471206665039,261.2225,100,400
400,1,0.07822621743036635,0.0646599167675383,0.07981551464477804,0.0827173527308927,0.3800828456878662,0.3407261371612549,258.635,100,400
400,2,0.07948281158380303,0.06384050441249474,0.0809463090492834,0.08612760411547749,0.39656996726989746,0.3047759532928467,248.42,101,400
1600,0,0.07687279208942116,0.0641101502820805,0.07791201237470766,0.08655771039221481,3.613424062728882,2.241284132003784,254.345625,100,400
1600,1,0.07751721301213889,0.06406509638688261,0.07758765280734589,0.08773921048886958,3.671088218688965,2.2875468730926514,244.748125,100,400
1600,2,0.0793384074837338,0.06612215204929925,0.08004018336770165,0.08955747811914855,3.650257110595703,2.2782578468322754,249.11375,100,400
