k,rmse_adamix,rmse_oracle,rmse_npeb,rmse_soloff
100,0.07852172090186989,0.0634142594892187,0.07939811162478701,0.08012903709879182
400,0.07861670582184042,0.06451805928634391,0.07988596980581368,0.08358065122482805
1600,0.07790947086176463,0.06476579957275412,0.07851328284991839,0.08795146633341099
