scenario,K,rep,n_min,rmse_oracle,rmse_vaneb,rmse_npeb,rmse_adamix,vaneb_time,npeb_time
poisson,100,0,50,0.5965050243956463,0.22722344394534225,0.23142507844022492,0.23160471957015483,0.03753805160522461,0.03886580467224121
poisson,100,1,50,0.630779435032641,0.21364805161809144,0.21051419208621466,0.2133574449107792,0.03681206703186035,0.03845810890197754
poisson,100,2,50,0.6037327200747601,0.20994573568313002,0.20764838668318814,0.21594803327186077,0.03748369216918945,0.0384821891784668
