k,rmse_adamix,rmse_oracle,rmse_npeb,rmse_soloff
400,0.08793349656168814,0.04778007649915935,0.0791196389158126,0.08345988330867853
