k,rep,nmin,rmse_mle,rmse_oracle,rmse_npeb,rmse_adamix,oracle_runtime_sec,npeb_runtime_sec
200,0,15,0.36068176541837293,0.2965664716160984,0.36023736526680467,0.33298524895599474,0.33296799659729004,0.7485439777374268
200,1,15,0.3547513449990686,0.3122147574992554,0.35495879406372866,0.3344350957271217,0.256925106048584,0.7078206539154053
200,2,15,0.3360425519979636,0.28111192136037755,0.33581024137664467,0.3163005621784656,0.2936899662017822,0.7557947635650635
