k,rmse_adamix,rmse_oracle,rmse_npeb,rmse_soloff
100,0.1717935162721657,0.09419942158563913,0.16580070539334574,0.1722426612152884
