k,rmse_adamix,rmse_oracle,rmse_npeb,rmse_soloff
100,0.04396374859969894,0.02594283873334838,0.043410876481421966,0.04377557501729681
