k,rep,nmin,rmse_mle,rmse_oracle,rmse_npeb,rmse_adamix,oracle_runtime_sec,npeb_runtime_sec
100,0,15,0.31014127682925924,0.24481545523784284,0.3097894482693505,0.3002964128232465,0.02521491050720215,0.08138895034790039
100,1,15,0.32465195305867756,0.39279991606795234,0.3245072533025146,0.3175573787220018,0.022235870361328125,0.051374197006225586
100,2,15,0.3652785503090535,0.34071921543870753,0.3649706736665084,0.35979288328334935,0.024374008178710938,0.06850504875183105
