k,rmse_adamix,rmse_oracle,rmse_npeb,rmse_soloff
400,0.04423849897403153,0.02624957923952585,0.04166867962545369,0.04316591552607669
