k,rmse_adamix,rmse_oracle,rmse_npeb,rmse_soloff
1600,0.04444552129835579,0.026037670589015963,0.036635345227243404,0.03993884282497231
